Date,Aramco,Exxon,Aramco_Growth,Exxon_Growth
2021-10-11,1.0,1.0,1.0,1.0
2021-10-12,1.0067659486772595,0.9948019832823143,1.0067659486772595,0.9948019832823143
2021-10-13,1.0013530661466048,0.9920403319577906,1.0013530661466048,0.9920403319577906
2021-10-14,1.0094723126995573,1.0071474733757764,1.0094723126995573,1.0071474733757764
2021-10-18,1.0121785222357964,1.0162443305409314,1.0121785222357964,1.0162443305409314
2021-10-19,1.01353174286846,1.0315138963184614,1.01353174286846,1.0315138963184614
2021-10-20,1.008118783094776,1.0371995504583404,1.008118783094776,1.0371995504583404
2021-10-21,1.01353174286846,1.018356138689854,1.01353174286846,1.018356138689854
2021-10-25,1.01353174286846,1.0453217885975186,1.01353174286846,1.0453217885975186
2021-10-26,1.0121785222357964,1.0695255685745226,1.0121785222357964,1.0695255685745226
2021-10-27,1.0202976915457196,1.0417477968691375,1.0202976915457196,1.0417477968691375
2021-10-28,1.0216509121783832,1.044671799684493,1.0216509121783832,1.044671799684493
2021-11-01,1.0216509121783832,1.0661142198118223,1.0216509121783832,1.0661142198118223
2021-11-02,1.025710342347286,1.052956462183215,1.025710342347286,1.052956462183215
2021-11-03,1.0175913275234216,1.0384990910721181,1.0175913275234216,1.0384990910721181
2021-11-04,1.0243571217146221,1.0462963347547833,1.0243571217146221,1.0462963347547833
2021-11-08,1.0244064027674014,1.0675764033912807,1.0244064027674014,1.0675764033912807
2021-11-09,1.0189430032954967,1.077972728301501,1.0189430032954967,1.077972728301501
2021-11-10,1.0216745485453902,1.056736016548776,1.0216745485453902,1.056736016548776
2021-11-11,1.0257720595278041,1.0587114873371302,1.0257720595278041,1.0587114873371302
2021-11-15,1.0175768058338879,1.0596993684687317,1.0175768058338879,1.0596993684687317
2021-11-16,1.0148451060979355,1.0703999931211936,1.0148451060979355,1.0703999931211936
2021-11-17,1.0121134836050125,1.0587114873371302,1.0121134836050125,1.0587114873371302
2021-11-18,1.0121134836050125,1.0471875919739777,1.0121134836050125,1.0471875919739777
2021-11-22,0.9684055153994793,1.0126160516219447,0.9684055153994793,1.0126160516219447
2021-11-23,0.9779665030968275,1.0392854902144242,0.9779665030968275,1.0392854902144242
2021-11-24,0.9834300570547913,1.0450475107647126,0.9834300570547913,1.0450475107647126
2021-11-29,0.953380896501138,1.0139331535953677,0.953380896501138,1.0139331535953677
2021-11-30,0.9465515312967128,0.9851237066623354,0.9465515312967128,0.9851237066623354
2021-12-01,0.9561124417510315,0.9843005088203568,0.9561124417510315,0.9843005088203568
2021-12-02,0.95474663050457,1.0088296475974348,0.95474663050457,1.0088296475974348
2021-12-06,0.9561124417510315,1.013768543174457,0.9561124417510315,1.013768543174457
2021-12-07,0.9574785619696108,1.0251278281166987,0.9574785619696108,1.0251278281166987
2021-12-08,0.9574785619696108,1.0280909614305178,0.9574785619696108,1.0280909614305178
2021-12-09,0.9492832310326651,1.0307251653773641,0.9492832310326651,1.0307251653773641
2021-12-13,0.9520150080116471,1.0145917410164356,0.9520150080116471,1.0145917410164356
2021-12-14,0.9561124417510315,1.013109882884677,0.9561124417510315,1.013109882884677
2021-12-15,0.9602101072195043,1.0086651829139484,0.9602101072195043,1.0086651829139484
2021-12-16,0.9629421931706039,1.0103113599917688,0.9629421931706039,1.0103113599917688
2021-12-20,0.9629421931706039,0.9739291050097166,0.9629421931706039,0.9739291050097166
2021-12-21,0.9684055153994793,0.995988941735708,0.9684055153994793,0.995988941735708
2021-12-22,0.9670394724239295,1.00405558104746,0.9670394724239295,1.00405558104746
2021-12-23,0.9752348806039045,1.004549558047617,0.9752348806039045,1.004549558047617
2021-12-27,0.9670394724239295,1.01887204917239,0.9670394724239295,1.01887204917239
2021-12-28,0.9725031036249226,1.0155793306731882,0.9725031036249226,1.0155793306731882
2021-12-29,0.9615759957089952,1.0066897121255942,0.9615759957089952,1.0066897121255942
2021-12-30,0.9779665030968275,1.0007629354169705,0.9779665030968275,1.0007629354169705
2022-01-03,0.9738688376283547,1.0460351004214654,0.9738688376283547,1.0460351004214654
2022-01-04,0.9725031036249226,1.0853810716670342,0.9725031036249226,1.0853810716670342
2022-01-05,0.9766007690933954,1.0988801463436921,0.9766007690933954,1.0988801463436921
2022-01-06,0.9684055153994793,1.1247266785690422,0.9684055153994793,1.1247266785690422
2022-01-10,0.9738688376283547,1.1271961263575532,0.9738688376283547,1.1271961263575532
2022-01-11,0.9834300570547913,1.174608664046162,0.9834300570547913,1.174608664046162
2022-01-12,0.9929912764812278,1.1711512622573372,0.9929912764812278,1.1711512622573372
2022-01-13,1.0025524959076644,1.1627551106289145,1.0025524959076644,1.1627551106289145
2022-01-18,1.0052841956436167,1.2030888172686607,1.0052841956436167,1.2030888172686607
2022-01-19,1.0025524959076644,1.2035827214001054,1.0025524959076644,1.2035827214001054
2022-01-20,1.0066498524040193,1.2062165610033906,1.0066498524040193,1.2062165610033906
2022-01-24,0.9916253107487074,1.1983145321125492,0.9916253107487074,1.1983145321125492
2022-01-25,0.999820641685653,1.233544587016938,0.999820641685653,1.233544587016938
2022-01-26,1.0080158181365397,1.2210328105221837,1.0080158181365397,1.2210328105221837
2022-01-27,1.0080158181365397,1.23667240362038,1.0080158181365397,1.23667240362038
2022-01-31,1.0203085055698404,1.2505008448762838,1.0203085055698404,1.2505008448762838
2022-02-01,1.0175768058338879,1.3306742082869067,1.0175768058338879,1.3306742082869067
2022-02-02,1.0039180754250374,1.3272168793667942,1.0039180754250374,1.3272168793667942
2022-02-03,1.0080158181365397,1.3117420424269333,1.0080158181365397,1.3117420424269333
2022-02-07,1.0121134836050125,1.356355765747785,1.0121134836050125,1.356355765747785
2022-02-08,1.0175768058338879,1.321290612739156,1.0175768058338879,1.321290612739156
2022-02-09,1.0148451060979355,1.3149654627808114,1.0148451060979355,1.3149654627808114
2022-02-10,1.0189430032954967,1.3023150171266977,1.0189430032954967,1.3023150171266977
2022-02-14,1.0189430032954967,1.3146323070285297,1.0189430032954967,1.3146323070285297
2022-02-15,1.0189430032954967,1.2981536307090906,1.0189430032954967,1.2981536307090906
2022-02-16,1.0312357679718267,1.3041459163900024,1.0312357679718267,1.3041459163900024
2022-02-17,1.0312357679718267,1.3021487307254058,1.0312357679718267,1.3021487307254058
2022-02-23,1.1077249054390834,1.277846432249477,1.1077249054390834,1.277846432249477
2022-02-24,1.129578735055791,1.2617009116823192,1.129578735055791,1.2617009116823192
2022-02-28,1.135042134527696,1.305311232835866,1.135042134527696,1.305311232835866
2022-03-01,1.1323103575487141,1.31779480913899,1.1323103575487141,1.31779480913899
2022-03-02,1.1760181712681883,1.3404323490154817,1.1760181712681883,1.3404323490154817
2022-03-03,1.210165229019403,1.3489214082519883,1.210165229019403,1.3489214082519883
2022-03-07,1.2238240366712827,1.4501240990603508,1.2238240366712827,1.4501240990603508
2022-03-08,1.2183605599563485,1.4611094946401784,1.2183605599563485,1.4611094946401784
2022-03-09,1.1828478454447313,1.3780500930132678,1.1828478454447313,1.3780500930132678
2022-03-10,1.1227494470943953,1.420828107735808,1.1227494470943953,1.420828107735808
2022-03-14,1.0735777704448395,1.3629031652784085,1.0735777704448395,1.3629031652784085
2022-03-15,1.0585532287895276,1.2853370443911094,1.0585532287895276,1.2853370443911094
2022-03-16,1.1200175928723841,1.2805099294186366,1.1200175928723841,1.2805099294186366
2022-03-17,1.143237542707671,1.3146323070285297,1.143237542707671,1.3146323070285297
2022-03-21,1.1732867805043536,1.368229430929606,1.1732867805043536,1.368229430929606
2022-03-22,1.1773842914867676,1.3622375824609674,1.1773842914867676,1.3622375824609674
2022-03-23,1.163725715563976,1.3837098058915958,1.163725715563976,1.3837098058915958
2022-03-24,1.163725715563976,1.3878710465717785,1.163725715563976,1.3878710465717785
2022-03-28,1.1487009421795757,1.3783829572907005,1.1487009421795757,1.3783829572907005
2022-03-29,1.1446031222250441,1.371059360237482,1.1446031222250441,1.371059360237482
2022-03-30,1.1391399544822276,1.3945289150701314,1.1391399544822276,1.3945289150701314
2022-03-31,1.1773842914867676,1.3747214502389402,1.1773842914867676,1.3747214502389402
2022-04-04,1.1719207375288039,1.3842091023077447,1.1719207375288039,1.3842091023077447
2022-04-05,1.1746525917508153,1.3770515001809696,1.1746525917508153,1.3770515001809696
2022-04-06,1.1746525917508153,1.3923652972668186,1.1746525917508153,1.3923652972668186
2022-04-07,1.170554849039313,1.415668274223327,1.170554849039313,1.415668274223327
2022-04-11,1.1664574925429578,1.3956940857785705,1.1664574925429578,1.3956940857785705
2022-04-12,1.1746525917508153,1.4248230620146989,1.1746525917508153,1.4248230620146989
2022-04-13,1.1650913723243788,1.4449635368607474,1.1650913723243788,1.4449635368607474
2022-04-14,1.1746525917508153,1.4619416553337603,1.1746525917508153,1.4619416553337603
2022-04-18,1.1691891922789104,1.4739263724330083,1.1691891922789104,1.4739263724330083
2022-04-19,1.1609939385849941,1.460776484625321,1.1609939385849941,1.460776484625321
2022-04-20,1.185579390694625,1.4641057103493464,1.185579390694625,1.4641057103493464
2022-04-21,1.1746525917508153,1.4486256268622055,1.1746525917508153,1.4486256268622055
2022-04-25,1.1719207375288039,1.3692281694993285,1.1719207375288039,1.3692281694993285
2022-04-26,1.1842137339342222,1.3697277573903266,1.1842137339342222,1.3697277573903266
2022-04-27,1.211531349237982,1.4088435363739844,1.211531349237982,1.4088435363739844
2022-04-28,1.2265559681363234,1.4514555561700817,1.2265559681363234,1.4514555561700817
2022-05-09,1.2552392402004857,1.405847903614514,1.2552392402004857,1.405847903614514
2022-05-10,1.2552392402004857,1.4151688320697535,1.2552392402004857,1.4151688320697535
2022-05-11,1.2429464755241557,1.444630818320739,1.2429464755241557,1.444630818320739
2022-05-12,1.2210923369353304,1.451189148158196,1.2210923369353304,1.451189148158196
2022-05-16,1.2770933015462818,1.5293815027583357,1.2770933015462818,1.5293815027583357
2022-05-17,1.2380293387564119,1.548887728333199,1.2380293387564119,1.548887728333199
2022-05-18,1.2230044881289823,1.5243368018111665,1.2230044881289823,1.5243368018111665
2022-05-19,1.1944577044978306,1.5325766500518716,1.1944577044978306,1.5325766500518716
2022-05-23,1.1869454336701748,1.57881971777802,1.1869454336701748,1.57881971777802
2022-05-24,1.2163248971586307,1.5873957822569205,1.2163248971586307,1.5873957822569205
2022-05-25,1.2420755603672813,1.619345506343185,1.2420755603672813,1.619345506343185
2022-05-26,1.2329871455240136,1.6250626397667443,1.2329871455240136,1.6250626397667443
2022-05-31,1.269340882140114,1.6143003681837422,1.269340882140114,1.6143003681837422
2022-06-01,1.2435902189314632,1.6452410063431486,1.2435902189314632,1.6452410063431486
2022-06-02,1.2178398646949302,1.6423826582375056,1.2178398646949302,1.6423826582375056
2022-06-06,1.2420755603672813,1.662056627587905,1.2420755603672813,1.662056627587905
2022-06-07,1.2269280478091096,1.7382318304962994,1.2269280478091096,1.7382318304962994
2022-06-08,1.229957673909591,1.7587468505231718,1.229957673909591,1.7587468505231718
2022-06-09,1.2238988079237754,1.7207433395628795,1.2238988079237754,1.7207433395628795
2022-06-13,1.1936042462656085,1.6117780905788697,1.1936042462656085,1.6117780905788697
2022-06-14,1.1830011728581589,1.6159821780618395,1.1830011728581589,1.6159821780618395
2022-06-15,1.1648242659285941,1.5956351932853523,1.1648242659285941,1.5956351932853523
2022-06-16,1.1663390789788348,1.5367807375348412,1.1663390789788348,1.5367807375348412
2022-06-21,1.136044517320668,1.5382934920005822,1.136044517320668,1.5382934920005822
2022-06-22,1.126956256963459,1.4774213016086277,1.126956256963459,1.4774213016086277
2022-06-23,1.126956256963459,1.4328597522857276,1.126956256963459,1.4328597522857276
2022-06-27,1.13907406617812,1.4970955624338762,1.13907406617812,1.4970955624338762
2022-06-28,1.1769419979002256,1.5386304369258994,1.1769419979002256,1.5386304369258994
2022-06-29,1.1875453802797928,1.4817937158168317,1.1875453802797928,1.4817937158168317
2022-06-30,1.1754274938221025,1.44009036886215,1.1754274938221025,1.44009036886215
2022-07-05,1.1602799812639308,1.4261333871978854,1.1602799812639308,1.4261333871978854
2022-07-06,1.14967706234254,1.4004054852360337,1.14967706234254,1.4004054852360337
2022-07-13,1.1102942403271645,1.426638075898739,1.1102942403271645,1.426638075898739
2022-07-14,1.0981765855985623,1.3980516800938199,1.0981765855985623,1.3980516800938199
2022-07-18,1.1663390789788348,1.447825674139426,1.1663390789788348,1.447825674139426
2022-07-19,1.1739128352579207,1.4843155562094308,1.1739128352579207,1.4843155562094308
2022-07-20,1.1784568881934956,1.5006266344907582,1.1784568881934956,1.5006266344907582
2022-07-21,1.1708832864004686,1.4755714564801454,1.1708832864004686,1.4755714564801454
2022-07-25,1.1693686278362867,1.5130707159518575,1.1693686278362867,1.5130707159518575
2022-07-26,1.1754274938221025,1.5071848185907906,1.1754274938221025,1.5071848185907906
2022-07-27,1.2042072424300285,1.5398074123657184,1.2042072424300285,1.5398074123657184
2022-07-28,1.2026926611088762,1.5578000090502941,1.2026926611088762,1.5578000090502941
2022-08-01,1.213295580030267,1.5887410844219736,1.213295580030267,1.5887410844219736
2022-08-02,1.2072367912874806,1.5818461011340486,1.2072367912874806,1.5818461011340486
2022-08-03,1.2072367912874806,1.5305589154104282,1.2072367912874806,1.5305589154104282
2022-08-04,1.2026926611088762,1.4661549242744698,1.2026926611088762,1.4661549242744698
2022-08-08,1.1905745429220975,1.4957505517436718,1.1905745429220975,1.4957505517436718
2022-08-09,1.2057221327232988,1.5233278616217325,1.2057221327232988,1.5233278616217325
2022-08-10,1.2072367912874806,1.5377892405120017,1.2072367912874806,1.5377892405120017
2022-08-11,1.2360164626523773,1.5822745691619173,1.2360164626523773,1.5822745691619173
2022-08-15,1.2254134664879572,1.5675029152950042,1.2254134664879572,1.5675029152950042
2022-08-16,1.2057221327232988,1.5529007540527209,1.2057221327232988,1.5529007540527209
2022-08-17,1.2057221327232988,1.5654652146264119,1.2057221327232988,1.5654652146264119
2022-08-18,1.1966336406370017,1.6024794599495704,1.1966336406370017,1.6024794599495704
2022-08-22,1.1835686773954144,1.5961971567940128,1.1835686773954144,1.5961971567940128
2022-08-23,1.1728780876356155,1.6639434900221965,1.1728780876356155,1.6639434900221965
2022-08-24,1.1957860528750164,1.6737914050042297,1.1957860528750164,1.6737914050042297
2022-08-25,1.2018947406148175,1.6824508312899125,1.2018947406148175,1.6824508312899125
2022-08-29,1.1744052595705659,1.6999388850110588,1.1744052595705659,1.6999388850110588
2022-08-30,1.1652422279608643,1.635248957048339,1.1652422279608643,1.635248957048339
2022-08-31,1.1453889155634818,1.6230240646736054,1.1453889155634818,1.6230240646736054
2022-09-01,1.1331714628408502,1.5938203251387366,1.1331714628408502,1.5938203251387366
2022-09-06,1.13469871201883,1.612157590832125,1.13469871201883,1.612157590832125
2022-09-07,1.1270626978580198,1.5984047872995082,1.1270626978580198,1.5984047872995082
2022-09-08,1.1163723398273093,1.6114784544342104,1.1163723398273093,1.6114784544342104
2022-09-12,1.137752978645701,1.6573216186676816,1.137752978645701,1.6573216186676816
2022-09-13,1.1362256522246919,1.6186098238245858,1.1362256522246919,1.6186098238245858
2022-09-14,1.1301170417279205,1.6583404690019776,1.1301170417279205,1.6583404690019776
2022-09-15,1.1148449361632708,1.6101201816383817,1.1148449361632708,1.6101201816383817
2022-09-19,1.0995732940567977,1.5824442075239715,1.0995732940567977,1.5824442075239715
2022-09-20,1.1056819817965986,1.5695403244887476,1.1056819817965986,1.5695403244887476
2022-09-21,1.0995732940567977,1.5442413277670382,1.0995732940567977,1.5442413277670382
2022-09-26,1.0400128934064732,1.4258977297825575,1.0400128934064732,1.4258977297825575
2022-09-27,1.0522305006151635,1.4557807514527652,1.0522305006151635,1.4557807514527652
2022-09-28,1.0659752025157745,1.5087551393391871,1.0659752025157745,1.5087551393391871
2022-09-29,1.094991778251947,1.505699025548572,1.094991778251947,1.505699025548572
2022-10-03,1.0919374343820465,1.5607109683661617,1.0919374343820465,1.5607109683661617
2022-10-04,1.0919374343820465,1.6175906820154407,1.0919374343820465,1.6175906820154407
2022-10-05,1.0980461221218474,1.6829601835883483,1.0980461221218474,1.6829601835883483
2022-10-06,1.0995732940567977,1.7328786034215795,1.0995732940567977,1.7328786034215795
2022-10-10,1.0919374343820465,1.6782056458532493,1.0919374343820465,1.6782056458532493
2022-10-11,1.0904101852040669,1.6639434900221965,1.0904101852040669,1.6639434900221965
2022-10-12,1.0904101852040669,1.671244497774626,1.0904101852040669,1.671244497774626
2022-10-13,1.0812469991083065,1.7296522683192124,1.0812469991083065,1.7296522683192124
2022-10-17,1.0751383886115349,1.7084286729346876,1.0751383886115349,1.7084286729346876
2022-10-18,1.0873557640911369,1.711484932462727,1.0873557640911369,1.711484932462727
2022-10-19,1.0919374343820465,1.7622522727933514,1.0919374343820465,1.7622522727933514
2022-10-20,1.1011006204778069,1.764629250186052,1.1011006204778069,1.764629250186052
2022-10-24,1.1148449361632708,1.8099630621210872,1.1148449361632708,1.8099630621210872
2022-10-25,1.0919374343820465,1.7977380240089291,1.0919374343820465,1.7977380240089291
2022-10-26,1.0720838902555756,1.8191316949677814,1.0720838902555756,1.8191316949677814
2022-10-27,1.0598665920190031,1.826093280258678,1.0598665920190031,1.826093280258678
2022-10-31,1.0659752025157745,1.8814446455378007,1.0659752025157745,1.8814446455378007
2022-11-01,1.0644479533377948,1.9001219166424197,1.0644479533377948,1.9001219166424197
2022-11-02,1.0507034059232427,1.8610699706506688,1.0507034059232427,1.8610699706506688
2022-11-03,1.0476489848103128,1.8863683844226804,1.0476489848103128,1.8863683844226804
2022-11-07,1.0675023744507248,1.929495440276767,1.0675023744507248,1.929495440276767
2022-11-08,1.0659752025157745,1.9356076678579972,1.0659752025157745,1.9356076678579972
2022-11-09,1.0573377324783457,1.8490148623754137,1.0573377324783457,1.8490148623754137
2022-11-10,1.0542551176596722,1.876181192716539,1.0542551176596722,1.876181192716539
2022-11-14,1.0403835054617,1.940406946982401,1.0403835054617,1.940406946982401
2022-11-15,1.0218875848205706,1.9534151780135276,1.0218875848205706,1.9534151780135276
2022-11-16,1.0388420435663044,1.9325337741015998,1.0388420435663044,1.9325337741015998
2022-11-17,1.0388420435663044,1.9351010845706258,1.0388420435663044,1.9351010845706258
2022-11-21,1.0203463546542633,1.899329105053438,1.0203463546542633,1.899329105053438
2022-11-22,1.029594199110284,1.954270802432445,1.029594199110284,1.954270802432445
2022-11-28,0.9926026668001426,1.8794751499838487,0.9926026668001426,1.8794751499838487
2022-11-29,1.0234290467159664,1.891969656593806,1.0234290467159664,1.891969656593806
2022-11-30,1.0326768139289575,1.905661979095278,1.0326768139289575,1.905661979095278
2022-12-01,1.0203463546542633,1.8964196031118146,1.0203463546542633,1.8964196031118146
2022-12-05,0.9956852816188162,1.8288125948614005,0.9956852816188162,1.8288125948614005
2022-12-06,0.9910614366338353,1.7779789440026537,0.9910614366338353,1.7779789440026537
2022-12-07,0.9787309773591412,1.7740424304309652,0.9787309773591412,1.7740424304309652
2022-12-08,0.9679419027368132,1.7872214657235415,0.9679419027368132,1.7872214657235415
2022-12-12,0.9324917550790381,1.8158045095676985,0.9324917550790381,1.8158045095676985
2022-12-13,0.9448222915967617,1.8356587561121365,0.9448222915967617,1.8356587561121365
2022-12-14,0.9540699815667234,1.822137529346963,0.9540699815667234,1.822137529346963
2022-12-15,0.957152596385397,1.804679351797828,0.957152596385397,1.804679351797828
2022-12-19,0.9540699815667234,1.800058163806096,0.9540699815667234,1.800058163806096
2022-12-20,0.9556114434621191,1.8260741886560758,0.9556114434621191,1.8260741886560758
2022-12-21,0.9556114434621191,1.8495224658247562,0.9556114434621191,1.8495224658247562
2022-12-22,0.9586940582807926,1.8122103332060318,0.9586940582807926,1.8122103332060318
2022-12-27,0.986437514405825,1.8859791197619875,0.986437514405825,1.8859791197619875
2022-12-28,0.9926026668001426,1.8549995697102544,0.9926026668001426,1.8549995697102544
2022-12-29,0.9895200519814691,1.8690342294217481,0.9895200519814691,1.8690342294217481
2023-01-03,0.9910614366338353,1.822993299503305,0.9910614366338353,1.822993299503305
2023-01-04,0.9771897471928338,1.8282991619150801,0.9771897471928338,1.8282991619150801
2023-01-05,0.9725658249648236,1.8692054708954713,0.9725658249648236,1.8692054708954713
2023-01-09,0.9771897471928338,1.856540451498913,0.9771897471928338,1.856540451498913
2023-01-10,0.9818135149347853,1.8842672879744546,0.9818135149347853,1.8842672879744546
2023-01-11,0.9818135149347853,1.906175557779023,0.9818135149347853,1.906175557779023
2023-01-12,0.9910614366338353,1.937839636513375,0.9910614366338353,1.937839636513375
2023-01-17,0.9895200519814691,1.9328761113116215,0.9895200519814691,1.9328761113116215
2023-01-18,0.9895200519814691,1.8931677639601696,0.9895200519814691,1.8931677639601696
2023-01-19,0.9926026668001426,1.9053196418852565,0.9926026668001426,1.9053196418852565
2023-01-23,1.0172636625925604,1.9299664636325737,1.0172636625925604,1.9299664636325737
2023-01-24,1.0234290467159664,1.9479379283906049,1.0234290467159664,1.9479379283906049
2023-01-25,1.0203463546542633,1.9376683950396518,1.0203463546542633,1.9376683950396518
2023-01-26,1.0141810477738868,2.0155450823784435,1.0141810477738868,2.0155450823784435
2023-01-30,1.0172636625925604,1.9436589318714703,1.0172636625925604,1.9436589318714703
2023-01-31,1.0157222779401942,1.985592398219351,1.0157222779401942,1.985592398219351
2023-02-01,1.0141810477738868,1.9638553698885057,1.0141810477738868,1.9638553698885057
2023-02-02,1.0049332033178662,1.902410431418482,1.0049332033178662,1.902410431418482
2023-02-06,0.986437514405825,1.91233719034714,0.986437514405825,1.91233719034714
2023-02-07,0.9895200519814691,1.9669362590412764,0.9895200519814691,1.9669362590412764
2023-02-08,1.0018505884991926,1.949820710177012,1.0018505884991926,1.949820710177012
2023-02-09,0.9987678964374896,1.9571804501114927,0.9987678964374896,1.9571804501114927
2023-02-13,1.0172636625925604,2.0317439428429482,1.0172636625925604,2.0317439428429482
2023-02-14,1.0157222779401942,2.0079426896322614,1.0157222779401942,2.0079426896322614
2023-02-15,1.0234290467159664,2.0019058082994694,1.0234290467159664,2.0019058082994694
2023-02-16,1.0188048927588678,1.9960420630269182,1.0188048927588678,1.9960420630269182
2023-02-21,0.9987678964374896,1.9173936960256894,0.9987678964374896,1.9173936960256894
2023-02-23,0.9802722847684779,1.9099772642330994,0.9802722847684779,1.9099772642330994
2023-02-27,0.9556114434621191,1.9067006497192989,0.9556114434621191,1.9067006497192989
2023-02-28,0.9802722847684779,1.8956623514543975,0.9802722847684779,1.8956623514543975
2023-03-01,0.9725658249648236,1.9125648322041233,0.9725658249648236,1.9125648322041233
2023-03-02,0.9787309773591412,1.9213606687190867,0.9787309773591412,1.9213606687190867
2023-03-06,0.986437514405825,1.9629270224947901,0.986437514405825,1.9629270224947901
2023-03-07,0.9972266662711824,1.9249826809288224,0.9972266662711824,1.9249826809288224
2023-03-08,0.9987678964374896,1.896869494541077,0.9987678964374896,1.896869494541077
2023-03-09,1.0110985101982426,1.8822094755412888,1.0110985101982426,1.8822094755412888
2023-03-13,1.0157222779401942,1.8375384774126302,1.0157222779401942,1.8375384774126302
2023-03-14,1.0157222779401942,1.8444373956110154,1.0157222779401942,1.8444373956110154
2023-03-15,0.9824829802708944,1.752681258917764,0.9824829802708944,1.752681258917764
2023-03-16,0.9637987411240034,1.7425051432558805,0.9637987411240034,1.7425051432558805
2023-03-20,0.9684699360860277,1.7669964631713149,0.9684699360860277,1.7669964631713149
2023-03-21,0.9824829802708944,1.846162198029324,0.9824829802708944,1.846162198029324
2023-03-22,0.9871540979898892,1.8039059232862973,0.9871540979898892,1.8039059232862973
2023-03-23,1.0011674511468736,1.7835541291748034,1.0011674511468736,1.7835541291748034
2023-03-27,1.0011674511468736,1.824775522466845,1.0011674511468736,1.824775522466845
2023-03-28,1.0011674511468736,1.8475418942265462,1.0011674511468736,1.8475418942265462
2023-03-29,1.008952467111463,1.8792770928240277,1.008952467111463,1.8792770928240277
2023-03-30,1.0058384143798096,1.8884183270349262,1.0058384143798096,1.8884183270349262
2023-04-03,1.0136235848304578,2.002941272700152,1.0136235848304578,2.002941272700152
2023-04-04,1.0214086007950471,1.9837963302004888,1.0214086007950471,1.9837963302004888
2023-04-05,1.0120665970861458,2.017773699073059,1.0120665970861458,2.017773699073059
2023-04-06,1.016737637562111,1.984313989532118,1.016737637562111,1.984313989532118
2023-04-10,1.0151804953317403,1.9755174243300324,1.0151804953317403,1.9755174243300324
2023-04-11,1.0105095320988042,1.9894878138373457,1.0105095320988042,1.9894878138373457
2023-04-12,1.0182946253064231,1.9874184881476489,1.0182946253064231,1.9874184881476489
2023-04-13,1.0229656657823885,1.996731838256817,1.0229656657823885,1.996731838256817
2023-04-17,1.0790186149521495,1.9782772539367504,1.0790186149521495,1.9782772539367504
2023-04-25,1.1210582882079556,2.0096676377879943,1.1210582882079556,2.0096676377879943
2023-04-26,1.1210582882079556,1.9912129077305032,1.1210582882079556,1.9912129077305032
2023-04-27,1.1210582882079556,2.0150141609411896,1.1210582882079556,2.0150141609411896
2023-05-01,1.1226152759522676,1.97775988607997,1.1226152759522676,1.97775988607997
2023-05-02,1.1039310368053765,1.898939257443047,1.1039310368053765,1.898939257443047
2023-05-03,1.0930318908661045,1.8615124294712844,1.0930318908661045,1.8615124294712844
2023-05-04,1.0914749031217925,1.8289147567959365,1.0914749031217925,1.8289147567959365
2023-05-08,1.11483002825859,1.8818642235827783,1.11483002825859,1.8818642235827783
2023-05-09,1.1509531171887986,1.8823815914395585,1.1509531171887986,1.8823815914395585
2023-05-10,1.149240484740176,1.8582353777452103,1.149240484740176,1.8582353777452103
2023-05-11,1.152666058609539,1.8246028236188774,1.152666058609539,1.8246028236188774
2023-05-15,1.1338258657862197,1.827909605779538,1.1338258657862197,1.827909605779538
2023-05-16,1.1098477756170329,1.7835472795158545,1.1098477756170329,1.7835472795158545
2023-05-17,1.109930657387616,1.8235605095592455,1.109930657387616,1.8235605095592455
2023-05-18,1.1203040100255273,1.8400875707036006,1.1203040100255273,1.8400875707036006
2023-05-22,1.1151173723280863,1.8261702296187852,1.1151173723280863,1.8261702296187852
2023-05-23,1.109930657387616,1.8510477537089993,1.109930657387616,1.8510477537089993
2023-05-24,1.1064730276610377,1.8717503378011326,1.1064730276610377,1.8717503378011326
2023-05-25,1.1030152434484006,1.8381740383206355,1.1030152434484006,1.8381740383206355
2023-05-30,1.1012863127205674,1.8099906064943074,1.1012863127205674,1.8099906064943074
2023-05-31,1.0891844155699701,1.7776322346698985,1.0891844155699701,1.7776322346698985
2023-06-01,1.094370898781352,1.79816066253982,1.094370898781352,1.79816066253982
2023-06-05,1.1272192694786838,1.8317369620203172,1.1272192694786838,1.8317369620203172
2023-06-06,1.1254904932369094,1.8466988032261311,1.1254904932369094,1.8466988032261311
2023-06-07,1.1203040100255273,1.8881035341981247,1.1203040100255273,1.8881035341981247
2023-06-08,1.1220329407533605,1.882188635089593,1.1220329407533605,1.882188635089593
2023-06-12,1.1168460713268313,1.8513960661534232,1.1168460713268313,1.8513960661534232
2023-06-13,1.1133885188432826,1.8517437956481493,1.1133885188432826,1.8517437956481493
2023-06-14,1.1289482774495463,1.8294755544052015,1.1289482774495463,1.8294755544052015
2023-06-15,1.1237617169951348,1.842175405046202,1.1237617169951348,1.842175405046202
2023-06-20,1.1116597426015082,1.7870266147870584,1.1116597426015082,1.7870266147870584
2023-06-21,1.1133885188432826,1.8070334484148904,1.1133885188432826,1.8070334484148904
2023-06-22,1.1151173723280863,1.7971170368433682,1.1151173723280863,1.7971170368433682
2023-07-03,1.1168460713268313,1.8694884929737436,1.1168460713268313,1.8694884929737436
2023-07-05,1.1185749248116352,1.8599203938466453,1.1185749248116352,1.8599203938466453
2023-07-06,1.1168460713268313,1.7905060957956866,1.1168460713268313,1.7905060957956866
2023-07-10,1.1116597426015082,1.82129910194413,1.1116597426015082,1.82129910194413
2023-07-11,1.109930657387616,1.843567051712229,1.109930657387616,1.843567051712229
2023-07-12,1.1133885188432826,1.8526135565972381,1.1133885188432826,1.8526135565972381
2023-07-13,1.1116597426015082,1.8186895276220147,1.1116597426015082,1.8186895276220147
2023-07-17,1.1168460713268313,1.7637146021102341,1.1168460713268313,1.7637146021102341
2023-07-18,1.1168460713268313,1.7557120143965257,1.1168460713268313,1.7557120143965257
2023-07-19,1.1168460713268313,1.7678899793205882,1.1168460713268313,1.7678899793205882
2023-07-20,1.1168460713268313,1.7990307149637577,1.1168460713268313,1.7990307149637577
2023-07-24,1.1151173723280863,1.8357381830084591,1.1151173723280863,1.8357381830084591
2023-07-25,1.1185749248116352,1.8385219135527862,1.1185749248116352,1.8385219135527862
2023-07-26,1.1203040100255273,1.8282573352742644,1.1203040100255273,1.8282573352742644
2023-07-27,1.1168460713268313,1.833998806847706,1.1168460713268313,1.833998806847706
2023-07-31,1.1203040100255273,1.8656612824703893,1.1203040100255273,1.8656612824703893
2023-08-01,1.1151173723280863,1.8548752556872026,1.1151173723280863,1.8548752556872026
2023-08-02,1.1151173723280863,1.8317369620203172,1.1151173723280863,1.8317369620203172
2023-08-03,1.1151173723280863,1.8635737396026366,1.1151173723280863,1.8635737396026366
2023-08-07,1.1289482774495463,1.8649653862686635,1.1289482774495463,1.8649653862686635
2023-08-08,1.1427791825710065,1.8741859016384603,1.1427791825710065,1.8741859016384603
2023-08-09,1.146237044026673,1.9060225334833554,1.146237044026673,1.9060225334833554
2023-08-10,1.1756274760253085,1.9157649345700902,1.1756274760253085,1.9157649345700902
2023-08-14,1.1963739495720427,1.9470798264354718,1.1963739495720427,1.9470798264354718
2023-08-15,1.189458458389798,1.8970915983759313,1.189458458389798,1.8970915983759313
2023-08-16,1.191187311874602,1.865169127188038,1.191187311874602,1.865169127188038
2023-08-17,1.2119337854213361,1.9013012238810298,1.2119337854213361,1.9013012238810298
2023-08-21,1.191187311874602,1.9067383957122301,1.191187311874602,1.9067383957122301
2023-08-22,1.189458458389798,1.8960392284340128,1.189458458389798,1.8960392284340128
2023-08-23,1.1929160881163763,1.879376340010075,1.1929160881163763,1.879376340010075
2023-08-24,1.1981028030568466,1.86534459504707,1.1981028030568466,1.86534459504707
2023-08-28,1.1946450960872388,1.9146313888827557,1.1946450960872388,1.9146313888827557
2023-08-29,1.1790852602379456,1.926032136122252,1.1790852602379456,1.926032136122252
2023-08-30,1.2050181397530324,1.9447994729551783,1.2050181397530324,1.9447994729551783
2023-08-31,1.2067472249669244,1.9502366447863784,1.2067472249669244,1.9502366447863784
2023-09-05,1.1790852602379456,1.9912795097334746,1.1790852602379456,1.9912795097334746
2023-09-06,1.1756274760253085,2.008468364522235,1.1756274760253085,2.008468364522235
2023-09-07,1.1808141909657788,1.9986462450643288,1.1808141909657788,1.9986462450643288
2023-09-11,1.1846021891292486,2.00232975846718,1.1846021891292486,2.00232975846718
2023-09-12,1.1670784492565822,2.0607368003246447,1.1670784492565822,2.0607368003246447
2023-09-13,1.1723355325968674,2.042320253472358,1.1723355325968674,2.042320253472358
2023-09-14,1.1898592724695338,2.078802702933716,1.1898592724695338,2.078802702933716
2023-09-18,1.1986213355134405,2.0633677980481533,1.1986213355134405,2.0633677980481533
2023-09-19,1.2021257745158562,2.057930626216953,1.2021257745158562,2.057930626216953
2023-09-20,1.2021257745158562,2.041618673511079,1.2021257745158562,2.041618673511079
2023-09-21,1.195116355809819,2.012853312148941,1.195116355809819,2.012853312148941
2023-09-25,1.1898592724695338,2.038636594332082,1.1898592724695338,2.038636594332082
2023-09-26,1.2003735163931337,2.0417939956326867,1.2003735163931337,2.0417939956326867
2023-09-27,1.2214018497542745,2.10826920704486,1.2214018497542745,2.10826920704486
2023-09-28,1.2266588558515303,2.095465299882805,1.2266588558515303,2.095465299882805
2023-10-02,1.2021257745158562,2.028112894912897,1.2021257745158562,2.028112894912897
2023-10-03,1.1933640976870965,2.0316209404567163,1.1933640976870965,2.0316209404567163
2023-10-04,1.1846021891292486,1.9556741080924276,1.1846021891292486,1.9556741080924276
2023-10-05,1.1723355325968674,1.9116494554411831,1.1723355325968674,1.9116494554411831
2023-10-09,1.1775926159371526,1.9455009071790328,1.1775926159371526,1.9455009071790328
2023-10-10,1.1916115305922563,1.9372574155027165,1.1916115305922563,1.9372574155027165
2023-10-11,1.1758404350574596,1.867800270648971,1.1758404350574596,1.867800270648971
2023-10-12,1.1810975183977448,1.8674496264057558,1.1810975183977448,1.8674496264057558
2023-10-16,1.170583274474145,1.9284876659867287,1.170583274474145,1.9284876659867287
2023-10-17,1.1723355325968674,1.953744690330198,1.1723355325968674,1.953744690330198
2023-10-18,1.170583274474145,1.9811064545575043,1.170583274474145,1.9811064545575043
2023-10-19,1.1740879452056487,1.9823345838333037,1.1740879452056487,1.9823345838333037
2023-10-23,1.1653260366478009,1.919717624995892,1.1653260366478009,1.919717624995892
2023-10-24,1.1635736240390195,1.9011256102845735,1.1635736240390195,1.9011256102845735
2023-10-25,1.1583166951847932,1.9046335100909686,1.1583166951847932,1.9046335100909686
2023-10-26,1.1635736240390195,1.8872691874431762,1.1635736240390195,1.8872691874431762
2023-10-30,1.154811792724201,1.8571011033707536,1.154811792724201,1.8571011033707536
2023-10-31,1.1670784492565822,1.8565749912685066,1.1670784492565822,1.8565749912685066
2023-11-01,1.1618215204023559,1.8528914778656551,1.1618215204023559,1.8528914778656551
2023-11-02,1.1618215204023559,1.9137541953250203,1.1618215204023559,1.9137541953250203
2023-11-06,1.1723355325968674,1.8569256355117216,1.1723355325968674,1.8569256355117216
2023-11-07,1.1775926159371526,1.8278097756437932,1.1775926159371526,1.8278097756437932
2023-11-08,1.1758404350574596,1.8053589254080156,1.1758404350574596,1.8053589254080156
2023-11-09,1.1740879452056487,1.805885183247687,1.1740879452056487,1.805885183247687
2023-11-13,1.1810975183977448,1.8388598786400745,1.1810975183977448,1.8388598786400745
2023-11-14,1.1863544472519711,1.8459399484570451,1.1863544472519711,1.8459399484570451
2023-11-15,1.1900989575898693,1.834788703688199,1.1900989575898693,1.834788703688199
2023-11-16,1.1954277224614696,1.8135486399747116,1.1954277224614696,1.8135486399747116
2023-11-20,1.1883226768849926,1.849656981467519,1.1883226768849926,1.849656981467519
2023-11-21,1.1883226768849926,1.8489486975847156,1.1883226768849926,1.8489486975847156
2023-11-22,1.1883226768849926,1.8409838558639384,1.1883226768849926,1.8409838558639384
2023-11-27,1.1812175540654861,1.8400989382227073,1.1812175540654861,1.8400989382227073
2023-11-28,1.1812175540654861,1.8390369496107755,1.1812175540654861,1.8390369496107755
2023-11-29,1.1829938347703626,1.811424662750848,1.1829938347703626,1.811424662750848
2023-11-30,1.17944119611758,1.8185048783052429,1.17944119611758,1.8185048783052429
2023-12-04,1.17944119611758,1.8130177185374579,1.17944119611758,1.8130177185374579
2023-12-05,1.1741126629750678,1.7777945861607305,1.1741126629750678,1.7777945861607305
2023-12-06,1.1723362277841323,1.7542534742526785,1.1723362277841323,1.7542534742526785
2023-12-07,1.1741126629750678,1.7420405323467492,1.1741126629750678,1.7420405323467492
2023-12-11,1.1741126629750678,1.763280741797661,1.1741126629750678,1.763280741797661
2023-12-12,1.1705598698362263,1.7354915297044569,1.1705598698362263,1.7354915297044569
2023-12-13,1.1652311822076553,1.750890437446182,1.1652311822076553,1.750890437446182
2023-12-14,1.1687838981034673,1.7979726612622857,1.1687838981034673,1.7979726612622857
2023-12-18,1.1758887891938856,1.7992117208449185,1.1758887891938856,1.7992117208449185
2023-12-19,1.1741126629750678,1.822929757986247,1.1741126629750678,1.822929757986247
2023-12-20,1.1758887891938856,1.792485501494501,1.1758887891938856,1.792485501494501
2023-12-21,1.1723362277841323,1.8006278513982523,1.1723362277841323,1.8006278513982523
2023-12-26,1.1741126629750678,1.8078847007110748,1.1741126629750678,1.8078847007110748
2023-12-27,1.1776652243848211,1.7993887918156195,1.1776652243848211,1.7993887918156195
2023-12-28,1.1741126629750678,1.7733697064797262,1.1741126629750678,1.7733697064797262
2024-01-02,1.1741126629750678,1.811778950429674,1.1741126629750678,1.811778950429674
2024-01-03,1.1705598698362263,1.8270009329381225,1.1705598698362263,1.8270009329381225
2024-01-04,1.1741126629750678,1.8110709580217195,1.1741126629750678,1.8110709580217195
2024-01-08,1.1883226768849926,1.7862907865310347,1.1883226768849926,1.7862907865310347
2024-01-09,1.1812175540654861,1.764165659438892,1.1812175540654861,1.764165659438892
2024-01-10,1.1687838981034673,1.7468195539691551,1.1687838981034673,1.7468195539691551
2024-01-11,1.167007308426473,1.7464657035026023,1.167007308426473,1.7464657035026023
2024-01-16,1.1350347191968702,1.729119452295441,1.1350347191968702,1.729119452295441
2024-01-17,1.1279295191343344,1.7165523684481099,1.1279295191343344,1.7165523684481099
2024-01-18,1.1332583612489642,1.7133665483497387,1.1332583612489642,1.7133665483497387
2024-01-22,1.1368109999017468,1.7137203988162915,1.1368109999017468,1.7137203988162915
2024-01-23,1.1243771894536694,1.7330135562766158,1.1243771894536694,1.7330135562766158
2024-01-24,1.126153315672487,1.762926599856259,1.126153315672487,1.762926599856259
2024-01-25,1.1208245508008867,1.8077076297403738,1.1208245508008867,1.8077076297403738
2024-01-29,1.1101668665716269,1.825407731414088,1.1101668665716269,1.825407731414088
2024-01-30,1.1119431472765036,1.8558518421684096,1.1119431472765036,1.8558518421684096
2024-01-31,1.087075449137319,1.8197437921504511,1.087075449137319,1.8197437921504511
2024-02-01,1.101285540290273,1.8123097261295034,1.101285540290273,1.8123097261295034
2024-02-05,1.0941804174707666,1.7974418855624565,1.0941804174707666,1.7974418855624565
2024-02-06,1.11371942798138,1.809831752701662,1.11371942798138,1.809831752701662
2024-02-07,1.1030618209951497,1.8093008312644083,1.1030618209951497,1.8093008312644083
2024-02-08,1.1030618209951497,1.8402758634559837,1.1030618209951497,1.8402758634559837
2024-02-12,1.09773297888052,1.8261157238220427,1.09773297888052,1.8261157238220427
2024-02-13,1.1279295191343344,1.8103948821097182,1.1279295191343344,1.8103948821097182
2024-02-14,1.1350347191968702,1.8014623438906252,1.1350347191968702,1.8014623438906252
2024-02-15,1.1350347191968702,1.8530912838745692,1.1350347191968702,1.8530912838745692
2024-02-20,1.1243771894536694,1.8355839928133961,1.1243771894536694,1.8355839928133961
2024-02-21,1.1368109999017468,1.873099574876646,1.1368109999017468,1.873099574876646
2024-02-26,1.1297057998392108,1.8623807330461286,1.1297057998392108,1.8623807330461286
2024-02-27,1.1350347191968702,1.8584504861836915,1.1350347191968702,1.8584504861836915
2024-02-28,1.1332583612489642,1.863631451622717,1.1332583612489642,1.863631451622717
2024-02-29,1.126153315672487,1.8672042045829902,1.126153315672487,1.8672042045829902
2024-03-04,1.108390740352809,1.864346147952196,1.108390740352809,1.864346147952196
2024-03-05,1.108390740352809,1.8872126413224914,1.108390740352809,1.8872126413224914
2024-03-06,1.126153315672487,1.9073994606695133,1.126153315672487,1.9073994606695133
2024-03-07,1.1279295191343344,1.9181183025000308,1.1279295191343344,1.9181183025000308
2024-03-11,1.1332583612489642,1.947594571018612,1.1332583612489642,1.947594571018612
2024-03-12,1.1385870488775351,1.935089717051519,1.1385870488775351,1.935089717051519
2024-03-13,1.1385870488775351,1.9567056375826504,1.1385870488775351,1.9567056375826504
2024-03-14,1.127099851755178,1.9913630172776817,1.127099851755178,1.9913630172776817
2024-03-18,1.1216898272166123,2.0061907800530063,1.1216898272166123,2.0061907800530063
2024-03-19,1.1325099535367729,2.020303409286578,1.1325099535367729,2.020303409286578
2024-03-20,1.1252964587469698,2.018517251412578,1.1252964587469698,2.018517251412578
2024-03-21,1.1252964587469698,2.027449352419398,1.1252964587469698,2.027449352419398
2024-03-25,1.112672939418601,2.048172485488378,1.112672939418601,2.048172485488378
2024-03-26,1.112672939418601,2.0328089919407932,1.112672939418601,2.0328089919407932
2024-03-27,1.1108695464103928,2.053889181699664,1.1108695464103928,2.053889181699664
2024-03-28,1.1090662306452141,2.0765770009875895,1.1090662306452141,2.0765770009875895
2024-04-01,1.1090662306452141,2.089975371103956,1.1090662306452141,2.089975371103956
2024-04-02,1.1036562061066486,2.1308851777825337,1.1036562061066486,2.1308851777825337
2024-04-03,1.098246027082024,2.1312426716846975,1.098246027082024,2.1312426716846975
2024-04-04,1.092835925300429,2.138745671507408,1.092835925300429,2.138745671507408
2024-04-15,1.092835925300429,2.1380311209153535,1.092835925300429,2.1380311209153535
2024-04-16,1.0784090902068815,2.1203451557718105,1.0784090902068815,2.1203451557718105
2024-04-17,1.0802124832150897,2.1192731112775918,1.0802124832150897,2.1192731112775918
2024-04-18,1.0784090902068815,2.1173081335837978,1.0784090902068815,2.1173081335837978
2024-04-22,1.087425823518834,2.1537519626276778,1.087425823518834,2.1537519626276778
2024-04-23,1.0856223532675964,2.162148332862237,1.0856223532675964,2.162148332862237
2024-04-24,1.0856223532675964,2.162505535289552,1.0856223532675964,2.162505535289552
2024-04-25,1.0856223532675964,2.1675075351713593,1.0856223532675964,2.1675075351713593
2024-04-29,1.0856223532675964,2.1373164245858742,1.0856223532675964,2.1373164245858742
2024-04-30,1.0856223532675964,2.1128418644742513,1.0856223532675964,2.1128418644742513
2024-05-01,1.0838191147454472,2.0728255739449466,1.0838191147454472,2.0728255739449466
2024-05-02,1.0802124832150897,2.0765770009875895,1.0802124832150897,2.0765770009875895
2024-05-06,1.0802124832150897,2.0856879218142037,1.0802124832150897,2.0856879218142037
2024-05-07,1.0802124832150897,2.07532657388585,1.0802124832150897,2.07532657388585
2024-05-08,1.0802124832150897,2.074969079983686,1.0802124832150897,2.074969079983686
2024-05-09,1.0766057744417028,2.1158790323996883,1.0766057744417028,2.1158790323996883
2024-05-13,1.0802124832150897,2.1064106176709103,1.0802124832150897,2.1064106176709103
2024-05-14,1.0748023041904653,2.1191977650291536,1.0748023041904653,2.1191977650291536
2024-05-15,1.0741242648780889,2.1355866670951347,1.0741242648780889,2.1355866670951347
2024-05-16,1.0906210586744232,2.1227995197368914,1.0906210586744232,2.1227995197368914
2024-05-20,1.096119835453809,2.137207267254965,1.096119835453809,2.137207267254965
2024-05-21,1.0979529670283494,2.122439256823663,1.0979529670283494,2.122439256823663
2024-05-22,1.1016188439622832,2.07975655437671,1.1016188439622832,2.07975655437671
2024-05-23,1.0979529670283494,2.0442776528200812,1.0979529670283494,2.0442776528200812
2024-05-28,1.0722912105465778,2.0685905901279944,1.0722912105465778,2.0685905901279944
2024-05-29,1.0649593021926516,2.0464385016123297,1.0649593021926516,2.0464385016123297
2024-05-30,1.0649593021926516,2.052921776676197,1.0649593021926516,2.052921776676197
2024-06-03,1.0594603709272068,2.0612065120436314,1.0594603709272068,2.0612065120436314
2024-06-04,1.0337986916884647,2.0291492337381265,1.0337986916884647,2.0291492337381265
2024-06-05,1.0337986916884647,2.0372538376489464,1.0337986916884647,2.0372538376489464
2024-06-06,1.0374647231084573,2.0525618052378176,1.0374647231084573,2.0525618052378176
2024-06-10,1.0392977001969388,2.0365333118224895,1.0392977001969388,2.0365333118224895
2024-06-11,1.0337986916884647,2.020144555493933,1.0337986916884647,2.020144555493933
2024-06-12,1.0374647231084573,1.9978126269965024,1.0374647231084573,1.9978126269965024
2024-06-13,1.0154688435606194,1.98178398784375,1.0154688435606194,1.98178398784375
2024-06-24,1.0264667833345382,2.0540028568907314,1.0264667833345382,2.0540028568907314
2024-06-25,1.0136359437151672,2.0597657518655668,1.0136359437151672,2.0597657518655668
2024-06-26,1.0154688435606194,2.0604859862171745,1.0154688435606194,2.0604859862171745
2024-06-27,1.0154688435606194,2.069310970217027,1.0154688435606194,2.069310970217027
2024-07-01,1.0264667833345382,2.0703914674818633,1.0264667833345382,2.0703914674818633
2024-07-02,1.02829976042302,2.0563439828770185,1.02829976042302,2.0563439828770185
2024-07-03,1.020967929312123,2.066789421299277,1.020967929312123,2.066789421299277
2024-07-08,1.0356317460199758,2.020324686950547,1.0356317460199758,2.020324686950547
2024-07-09,1.031965714599983,1.9979926127156924,1.031965714599983,1.9979926127156924
2024-07-10,1.0301327375115015,2.0156422892405486,1.0301327375115015,2.0156422892405486
2024-07-11,1.031965714599983,2.0395949636352335,1.031965714599983,2.0395949636352335
2024-07-15,1.0301327375115015,2.074893733735248,1.0301327375115015,2.074893733735248
2024-07-16,1.0356317460199758,2.0898420213605884,1.0356317460199758,2.0898420213605884
2024-07-17,1.0392977001969388,2.1186575163967354,1.0392977001969388,2.1186575163967354
2024-07-18,1.042963654373902,2.1395488304535255,1.042963654373902,2.1395488304535255
2024-07-22,1.0411306772854203,2.0759743767375087,1.0411306772854203,2.0759743767375087
2024-07-23,1.0301327375115015,2.042476483991363,1.0301327375115015,2.042476483991363
2024-07-24,1.0264667833345382,2.07129197902751,1.0264667833345382,2.07129197902751
2024-07-25,1.0264667833345382,2.114875484494959,1.0264667833345382,2.114875484494959
2024-07-29,1.0228007519145457,2.090922518625425,1.0228007519145457,2.090922518625425
2024-07-30,1.0136359437151672,2.1282024432733473,1.0136359437151672,2.1282024432733473
2024-07-31,1.0118029666266857,2.1357666528143247,1.0118029666266857,2.1357666528143247
2024-08-01,1.0081370124497224,2.1062304862142964,1.0081370124497224,2.1062304862142964
2024-08-05,0.9824752559679509,2.066969552755891,0.9824752559679509,2.066969552755891
2024-08-06,0.997139149918833,2.0559838657012146,0.997139149918833,2.0559838657012146
2024-08-07,1.0173018978921304,2.083358454821872,1.0173018978921304,2.083358454821872
2024-08-08,1.0173018978921304,2.1231596369126953,1.0173018978921304,2.1231596369126953
2024-08-12,1.0246337290030274,2.1431505851612633,1.0246337290030274,2.1431505851612633
2024-08-13,1.0337986916884647,2.122619388280277,1.0337986916884647,2.122619388280277
2024-08-14,1.031965714599983,2.1422500736156165,1.031965714599983,2.1422500736156165
2024-08-15,1.0337986916884647,2.155503143519811,1.0337986916884647,2.155503143519811
2024-08-19,1.0392977001969388,2.1518720955897597,1.0392977001969388,2.1518720955897597
2024-08-20,1.0337986916884647,2.080161267204394,1.0337986916884647,2.080161267204394
2024-08-21,1.0349734809231346,2.0669081973001995,1.0349734809231346,2.0669081973001995
2024-08-22,1.0312438784899174,2.0828842252427275,1.0312438784899174,2.0828842252427275
2024-08-26,1.0424327630325985,2.1569552712169826,1.0424327630325985,2.1569552712169826
2024-08-27,1.0387030833563518,2.1364406884023834,1.0387030833563518,2.1364406884023834
2024-08-28,1.0349734809231346,2.1153809018829346,1.0349734809231346,2.1153809018829346
2024-08-29,1.0424327630325985,2.1446101454670816,1.0424327630325985,2.1446101454670816
2024-09-03,1.0405679618159898,2.096318738240356,1.0405679618159898,2.096318738240356
2024-09-04,1.0312438784899174,2.070720542586261,1.0312438784899174,2.070720542586261
2024-09-05,1.0275141988136707,2.054562925812874,1.0275141988136707,2.054562925812874
2024-09-09,1.0163253142709896,2.087967692344799,1.0163253142709896,2.087967692344799
2024-09-10,1.0144605902974104,2.011899606443372,1.0144605902974104,2.011899606443372
2024-09-11,1.007001230944917,1.9919293529090756,1.007001230944917,1.9919293529090756
2024-09-12,1.0107309878641932,2.019343145396909,1.0107309878641932,2.019343145396909
2024-09-16,1.0163253142709896,2.0462120256547416,1.0163253142709896,2.0462120256547416
2024-09-17,1.0144605902974104,2.072899317081716,1.0144605902974104,2.072899317081716
2024-09-18,1.0107309878641932,2.080161267204394,1.0107309878641932,2.080161267204394
2024-09-19,1.0219197951638448,2.105940614477075,1.0219197951638448,2.105940614477075
2024-09-24,1.0275141988136707,2.125003215331927,1.0275141988136707,2.125003215331927
2024-09-25,1.0349734809231346,2.0836104348287376,1.0349734809231346,2.0836104348287376
2024-09-26,1.0293790772733087,2.0478457421827723,1.0293790772733087,2.0478457421827723
2024-09-30,1.0107309878641932,2.128089351031978,1.0107309878641932,2.128089351031978
2024-10-01,1.0144605902974104,2.1772887024129965,1.0144605902974104,2.1772887024129965
2024-10-02,1.0144605902974104,2.2061543311231526,1.0144605902974104,2.2061543311231526
2024-10-03,1.008866109404555,2.225398520808863,1.008866109404555,2.225398520808863
2024-10-07,1.0051365069713378,2.2760499998870536,1.0051365069713378,2.2760499998870536
2024-10-08,1.008866109404555,2.215594764266437,1.008866109404555,2.215594764266437
2024-10-09,1.0051365069713378,2.216502562683306,1.0051365069713378,2.216502562683306
2024-10-10,1.008866109404555,2.235564872063309,1.008866109404555,2.235564872063309
2024-10-14,1.0144605902974104,2.2526304329909888,1.0144605902974104,2.2526304329909888
2024-10-15,1.0125957890808017,2.1849136844599673,1.0125957890808017,2.1849136844599673
2024-10-16,1.0107309878641932,2.1905416265797664,1.0107309878641932,2.1905416265797664
2024-10-17,1.007001230944917,2.1849136844599673,1.007001230944917,2.1849136844599673
2024-10-21,1.0107309878641932,2.1800119519261787,1.0107309878641932,2.1800119519261787
2024-10-22,1.007001230944917,2.1912675446909278,1.007001230944917,2.1912675446909278
2024-10-23,1.0051365069713378,2.183460973813098,1.0051365069713378,2.183460973813098
2024-10-24,1.008866109404555,2.1711159938006213,1.008866109404555,2.1711159938006213
2024-10-28,1.007001230944917,2.158589133482437,1.007001230944917,2.158589133482437
2024-10-29,1.007001230944917,2.1291785925422806,1.007001230944917,2.1291785925422806
2024-10-30,1.008866109404555,2.1184676205326833,1.008866109404555,2.1184676205326833
2024-10-31,1.007001230944917,2.1201013370607136,1.007001230944917,2.1201013370607136
2024-11-04,1.025649397597062,2.1533243690243555,1.025649397597062,2.1533243690243555
2024-11-05,1.0275141988136707,2.1596785207301648,1.0275141988136707,2.1596785207301648
2024-11-06,1.0275141988136707,2.1967140437172925,1.0275141988136707,2.1967140437172925
2024-11-07,1.0442976414922365,2.1994372932304747,1.0442976414922365,2.1994372932304747
2024-11-11,1.0461624427088452,2.1870920217431493,1.0461624427088452,2.1870920217431493
2024-11-12,1.0461624427088452,2.1849136844599673,1.0461624427088452,2.1849136844599673
2024-11-13,1.0405679618159898,2.2052468241811325,1.0405679618159898,2.2052468241811325
2024-11-14,1.0442976414922365,2.206711048084533,1.0442976414922365,2.206711048084533
2024-11-18,1.0549801979769742,2.202135184431804,1.0549801979769742,2.202135184431804
2024-11-19,1.0606726230311525,2.1713844421364494,1.0606726230311525,2.1713844421364494
2024-11-20,1.0625700208061823,2.202318230636907,1.0625700208061823,2.202318230636907
2024-11-21,1.0606726230311525,2.2317873580216903,1.0606726230311525,2.2317873580216903
2024-11-25,1.0625700208061823,2.1959119049331464,1.0625700208061823,2.1959119049331464
2024-11-26,1.0435955023546766,2.1593042670241895,1.0435955023546766,2.1593042670241895
2024-11-27,1.0416981045796465,2.153629980403417,1.0416981045796465,2.153629980403417
2024-12-02,1.0473904523907953,2.1571074210881034,1.0473904523907953,2.1571074210881034
2024-12-03,1.0511854024269143,2.1538130266085203,1.0511854024269143,2.1538130266085203
2024-12-04,1.058775148013093,2.0917628406147757,1.058775148013093,2.0917628406147757
2024-12-05,1.0606726230311525,2.1009147136576587,1.0606726230311525,2.1009147136576587
2024-12-09,1.0739547164284802,2.0665034844725154,1.0739547164284802,2.0665034844725154
2024-12-10,1.0872368870688371,2.0622937132299923,1.0872368870688371,2.0622937132299923
2024-12-11,1.0834419370327182,2.04856597653438,1.0834419370327182,2.04856597653438
2024-12-12,1.079647064239629,2.0467353687459244,1.079647064239629,2.0467353687459244
2024-12-16,1.0815444620146588,1.9854176590474413,1.0815444620146588,1.9854176590474413
2024-12-17,1.0682623686173311,1.9769979708249708,1.0682623686173311,1.9769979708249708
2024-12-18,1.079647064239629,1.947894790112969,1.079647064239629,1.947894790112969
2024-12-19,1.1005189804661648,1.9312381683982822,1.1005189804661648,1.9312381683982822
2024-12-23,1.0815444620146588,1.945698381389156,1.0815444620146588,1.945698381389156
2024-12-24,1.0720572414104206,1.947528406227914,1.0720572414104206,1.947528406227914
2024-12-26,1.0625700208061823,1.9491759678112666,1.0625700208061823,1.9491759678112666
2024-12-30,1.058775148013093,1.9358143235258605,1.058775148013093,1.9358143235258605
2024-12-31,1.0644674185812124,1.9689442292752821,1.0644674185812124,1.9689442292752821
2025-01-02,1.0644674185812124,1.9641850279426007,1.0644674185812124,1.9641850279426007
2025-01-06,1.0606726230311525,1.9720557232871863,1.0606726230311525,1.9720557232871863
2025-01-07,1.0549801979769742,1.9905425155780554,1.0549801979769742,1.9905425155780554
2025-01-08,1.0625700208061823,1.9572297093609552,1.0625700208061823,1.9572297093609552
2025-01-13,1.0644674185812124,2.0004268649162,1.0644674185812124,2.0004268649162
2025-01-14,1.0663648935992718,2.008297414523361,1.0663648935992718,2.008297414523361
2025-01-15,1.0663648935992718,2.0410613736000007,1.0663648935992718,2.0410613736000007
2025-01-16,1.0720572414104206,2.0375834957030414,1.0720572414104206,2.0375834957030414
2025-01-21,1.0625700208061823,2.0403293345170126,1.0625700208061823,2.0403293345170126
2025-01-22,1.0625700208061823,2.0048195366264014,1.0625700208061823,2.0048195366264014
2025-01-23,1.0663648935992718,2.0161681098679467,1.0663648935992718,2.0161681098679467
2025-01-27,1.0606726230311525,2.0165340565407286,1.0606726230311525,2.0165340565407286
2025-01-28,1.0606726230311525,1.9775471094402801,1.0606726230311525,1.9775471094402801
2025-01-29,1.0530827229589148,1.989078291674655,1.0530827229589148,1.989078291674655
2025-01-30,1.0549801979769742,2.005552012921663,1.0549801979769742,2.005552012921663
2025-02-03,1.0511854024269143,1.9601581571677564,1.0511854024269143,1.9601581571677564
2025-02-04,1.0511854024269143,2.0126902319709874,1.0511854024269143,2.0126902319709874
2025-02-05,1.0511854024269143,2.011226153805011,1.0511854024269143,2.011226153805011
2025-02-06,1.0492879274088547,1.9846854742270288,1.0492879274088547,1.9846854742270288
2025-02-10,1.0530827229589148,2.031177169999281,1.0530827229589148,2.031177169999281
2025-02-11,1.0530827229589148,2.0439899671442263,1.0530827229589148,2.0439899671442263
2025-02-12,1.0549801979769742,1.9824930004136756,1.0549801979769742,1.9824930004136756
2025-02-13,1.0549801979769742,1.9968975417084114,1.0549801979769742,1.9968975417084114
2025-02-18,1.0473904523907953,2.0340174466642926,1.0473904523907953,2.0340174466642926
2025-02-19,1.0473904523907953,2.0369722729449182,1.0473904523907953,2.0369722729449182
2025-02-20,1.0511854024269143,2.0683670289188956,1.0511854024269143,2.0683670289188956
2025-02-24,1.0322109612184378,2.0548857342080202,1.0322109612184378,2.0548857342080202
2025-02-25,1.0398006295615871,2.026445658777244,1.0398006295615871,2.026445658777244
2025-02-26,1.0322109612184378,2.021459398537277,1.0322109612184378,2.021459398537277
2025-02-27,1.0284159339392895,2.0342020959810645,1.0284159339392895,2.0342020959810645
2025-03-03,1.0435955023546766,1.9900646425632997,1.0435955023546766,1.9900646425632997
2025-03-04,1.0208261883531107,1.9860017746446175,1.0208261883531107,1.9860017746446175
2025-03-05,1.0075440177127535,1.947220025837788,1.0075440177127535,1.947220025837788
2025-03-06,0.9961593993334853,1.9874792606536424,0.9961593993334853,1.9874792606536424
2025-03-10,0.9980568743515448,2.064673605371182,0.9980568743515448,2.064673605371182
2025-03-11,0.9980568743515448,2.0159193360844188,0.9980568743515448,2.0159193360844188
2025-03-12,0.9942619243154259,2.0153652423966784,0.9942619243154259,2.0153652423966784
2025-03-13,0.9847747037111877,2.0068700621883453,0.9847747037111877,2.0068700621883453
2025-03-17,0.9847747037111877,2.1008702637432033,0.9847747037111877,2.1008702637432033
2025-03-18,0.9840520951708276,2.098653888992241,0.9840520951708276,2.098653888992241
2025-03-19,0.9629103690424768,2.131341627395896,0.9629103690424768,2.131341627395896
2025-03-20,0.9629103690424768,2.140390609817121,0.9629103690424768,2.140390609817121
2025-03-24,0.9975058225795588,2.138543970911976,0.9975058225795588,2.138543970911976
2025-03-25,1.0032718602407882,2.153133015786059,1.0032718602407882,2.153133015786059
2025-03-26,1.0244135863691388,2.184158618863917,1.0244135863691388,2.184158618863917
2025-03-27,1.0282575857289487,2.177140924664609,1.0282575857289487,2.177140924664609
2025-04-03,1.0109597044743488,2.0763082611769126,1.0109597044743488,2.0763082611769126
2025-04-07,0.9705982132760376,1.9010508469858332,0.9705982132760376,1.9010508469858332
2025-04-08,0.976364096451208,1.8609762614867504,0.976364096451208,1.8609762614867504
2025-04-09,0.9744422126358473,1.9538682756661274,0.9744422126358473,1.9538682756661274
2025-04-10,0.9744422126358473,1.8454636785539582,0.9744422126358473,1.8454636785539582
2025-04-14,0.9975058225795588,1.9093613778773941,0.9975058225795588,1.9093613778773941
2025-04-15,0.9917399394043883,1.9040056732664588,0.9917399394043883,1.9040056732664588
2025-04-16,0.9859740562292177,1.9241355092805228,0.9859740562292177,1.9241355092805228
2025-04-17,0.9859740562292177,1.9745517681556586,0.9859740562292177,1.9745517681556586
2025-04-21,0.9782861347526276,1.9455577447745664,0.9782861347526276,1.9455577447745664
2025-04-22,0.9840520951708276,2.0000371630432334,0.9840520951708276,2.0000371630432334
2025-04-23,0.9898180555890276,1.9828622990472198,0.9898180555890276,1.9828622990472198
2025-04-24,0.9917399394043883,2.0061313191838326,0.9917399394043883,2.0061313191838326
2025-04-28,0.9898180555890276,2.0061313191838326,0.9898180555890276,2.0061313191838326
2025-04-29,0.9859740562292177,2.0011453504187147,0.9859740562292177,2.0011453504187147
2025-04-30,0.9744422126358473,1.9507286543313054,0.9744422126358473,1.9507286543313054
2025-05-01,0.9686762522176474,1.953498831295159,0.9686762522176474,1.953498831295159
2025-05-05,0.957144408624277,1.907145294601281,0.957144408624277,1.907145294601281
2025-05-06,0.9602195308690953,1.9337384396520636,0.9602195308690953,1.9337384396520636
2025-05-07,0.9548380090083911,1.9318919464843434,0.9548380090083911,1.9318919464843434
2025-05-08,0.9548380090083911,1.9588545359060945,0.9548380090083911,1.9588545359060945
2025-05-12,0.9821301341124374,2.0159193360844188,0.9821301341124374,2.0159193360844188
2025-05-13,0.9821301341124374,2.021459398537277,0.9821301341124374,2.021459398537277
2025-05-14,1.0032718602407882,2.003361287957403,1.0032718602407882,2.003361287957403
2025-05-15,1.0051938212991782,2.023676356237937,1.0051938212991782,2.023676356237937
2025-05-19,1.009037820658988,1.9843508611005027,1.009037820658988,1.9843508611005027
2025-05-20,1.0071157823575685,1.9560215461123047,1.0071157823575685,1.9560215461123047
2025-05-21,1.0032718602407882,1.9319790974641615,1.0032718602407882,1.9319790974641615
2025-05-22,0.9791796821171264,1.9191190813936958,0.9791796821171264,1.9191190813936958
2025-05-27,0.9752864017045374,1.9293696688794708,0.9752864017045374,1.9293696688794708
2025-05-28,0.9908598323270111,1.903090733715792,0.9908598323270111,1.903090733715792
2025-05-29,0.9733397228767282,1.9139006614365877,0.9733397228767282,1.9139006614365877
2025-06-02,0.9733397228767282,1.9206101209831943,0.9733397228767282,1.9206101209831943
2025-06-03,0.9663316945452208,1.9345885260488522,0.9663316945452208,1.9345885260488522
2025-06-04,0.9655528530794324,1.906632007392385,0.9655528530794324,1.906632007392385
2025-06-11,0.9702249749578099,2.03728181923444,0.9702249749578099,2.03728181923444
2025-06-12,0.971782348917269,2.0451096677762384,0.971782348917269,2.0451096677762384
2025-06-16,0.985019718600554,2.0963633338922363,0.985019718600554,2.0963633338922363
2025-06-17,0.9725609586539692,2.124692357405585,0.9725609586539692,2.124692357405585
2025-06-18,0.9694463652211097,2.1095960005570085,0.9694463652211097,2.1095960005570085
2025-06-23,0.963217023869332,2.0825713269924435,0.963217023869332,2.0825713269924435
2025-06-24,0.9476435160038288,2.019203383206866,0.9476435160038288,2.019203383206866
2025-06-25,0.9398568006925919,2.0197624319670378,0.9398568006925919,2.0197624319670378
2025-06-26,0.9460860648013402,2.0499554371390403,0.9460860648013402,2.0499554371390403
2025-06-30,0.9468649062671286,2.0091390481495317,0.9468649062671286,2.0091390481495317
2025-07-01,0.9484222029835584,2.035977177810807,0.9484222029835584,2.035977177810807
2025-07-02,0.9558195361834158,2.0697114566594026,0.9558195361834158,2.0697114566594026
2025-07-03,0.9647743205857617,2.091144476722855,0.9647743205857617,2.091144476722855
2025-07-07,0.976454393552617,2.0708296999171703,0.976454393552617,2.0708296999171703
2025-07-08,0.9772330805323466,2.128233485344754,0.9772330805323466,2.128233485344754
2025-07-09,0.9686676009983507,2.1209651227754,0.9686676009983507,2.1209651227754
2025-07-10,0.9748970968361873,2.142025346507122,0.9748970968361873,2.142025346507122
2025-07-14,0.9678889912616505,2.1232013178160867,0.9678889912616505,2.1232013178160867
2025-07-15,0.9577662922542544,2.104377434862476,0.9577662922542544,2.104377434862476
2025-07-16,0.9507581866797177,2.0917038169578754,0.9507581866797177,2.0917038169578754
2025-07-17,0.9507581866797177,2.08108043314037,0.9507581866797177,2.08108043314037
2025-07-21,0.9382994267331327,2.013798419346468,0.9382994267331327,2.013798419346468
2025-07-22,0.9340166869661348,2.0229307635744758,0.9340166869661348,2.0229307635744758
2025-07-23,0.9425821665001307,2.0488370481438483,0.9425821665001307,2.0488370481438483
2025-07-24,0.9355741381686233,2.0648655415591763,0.9355741381686233,2.0648655415591763
2025-07-28,0.9406354876723215,2.0769801107036048,0.9406354876723215,2.0769801107036048
2025-07-29,0.9410247925406715,2.10381824036488,0.9410247925406715,2.10381824036488
2025-07-30,0.9437501583482103,2.085553406171441,0.9437501583482103,2.085553406171441
2025-07-31,0.9460860648013402,2.080707636808639,0.9460860648013402,2.080707636808639
2025-08-04,0.9309020162902459,2.0011249471792922,0.9309020162902459,2.0011249471792922
2025-08-05,0.9390781909558917,1.9987017710230424,0.9390781909558917,1.9987017710230424
2025-08-06,0.9472541338924493,1.9850964537639642,0.9472541338924493,1.9850964537639642
2025-08-07,0.9476435160038288,1.9746593223748992,0.9476435160038288,1.9746593223748992
2025-08-11,0.9363527479053235,1.9724228358593636,0.9363527479053235,1.9724228358593636
2025-08-12,0.9363527479053235,1.9780140521482024,0.9363527479053235,1.9780140521482024
2025-08-13,0.9363527479053235,2.0054113763070736,0.9363527479053235,2.0054113763070736
2025-08-14,0.936742130016703,2.0013111996077333,0.936742130016703,2.0013111996077333
2025-08-18,0.9394674185812124,2.007518885201975,0.9394674185812124,2.007518885201975
2025-08-19,0.9363527479053235,2.0206865529754445,0.9363527479053235,2.0206865529754445
2025-08-20,0.9427164148852879,2.0415669367254012,0.9427164148852879,2.0415669367254012
2025-08-21,0.936005308758927,2.054734750236295,0.936005308758927,2.054734750236295
2025-08-25,0.9391635445034169,2.101950323795766,0.9391635445034169,2.101950323795766
2025-08-26,0.9387688326230065,2.097247522846345,0.9387688326230065,2.097247522846345
2025-08-27,0.9371896761292468,2.120949674608409,0.9371896761292468,2.120949674608409
2025-08-28,0.935610674121546,2.132236309444565,0.935610674121546,2.132236309444565
2025-09-02,0.9375844652526867,2.157443200114025,0.9375844652526867,2.157443200114025
2025-09-03,0.9316628601301762,2.105148385837791,0.9316628601301762,2.105148385837791
2025-09-04,0.9336367285043463,2.11436569498425,0.9336367285043463,2.11436569498425
2025-09-08,0.9178458587540144,2.0663973876275192,0.9178458587540144,2.0663973876275192
2025-09-09,0.9198196498851551,2.0814463798131517,0.9198196498851551,2.0814463798131517
2025-09-10,0.9146877002525539,2.116246873658988,0.9146877002525539,2.116246873658988
2025-09-11,0.9131085437587941,2.1094748927572944,0.9131085437587941,2.1094748927572944
2025-09-15,0.9166614913836946,2.113425105646881,0.9166614913836946,2.113425105646881
2025-09-16,0.9217935955023546,2.157255053099066,0.9217935955023546,2.157255053099066
2025-09-17,0.9514014666288485,2.168729834950181,0.9514014666288485,2.168729834950181
2025-09-18,0.9660080462518902,2.143146650250803,0.9660080462518902,2.143146650250803
2025-09-22,0.9849571517467121,2.107217420052639,0.9849571517467121,2.107217420052639
2025-09-24,0.9892996003754629,2.1549975803944106,0.9892996003754629,2.1549975803944106
2025-09-25,0.9892996003754629,2.1743730794995466,0.9892996003754629,2.1743730794995466
2025-09-29,0.9865362309974424,2.148602039260059,0.9865362309974424,2.148602039260059
2025-09-30,0.9719297286174301,2.120949674608409,0.9719297286174301,2.120949674608409
2025-10-01,0.9719297286174301,2.106653124745187,0.9719297286174301,2.106653124745187
2025-10-02,0.9770616782500313,2.0934854569717176,0.9770616782500313,2.0934854569717176
2025-10-06,0.9810094922414011,2.1482257452301416,0.9810094922414011,2.1482257452301416
2025-10-07,0.9794303357476415,2.149354335845045,0.9794303357476415,2.149354335845045
2025-10-08,0.9817989932452516,2.144839681910583,0.9817989932452516,2.144839681910583
2025-10-09,0.9806146258749318,2.123959589635475,0.9806146258749318,2.123959589635475
2025-10-13,0.976272177246181,2.111355925694608,0.976272177246181,2.111355925694608
2025-10-14,0.9770616782500313,2.1122965150319772,0.9770616782500313,2.1122965150319772
2025-10-15,0.9857466527505625,2.099504995551001,0.9857466527505625,2.099504995551001
2025-10-16,0.9987741531228739,2.081258378535617,0.9987741531228739,2.081258378535617
2025-10-20,0.9892996003754629,2.1200089395336157,0.9892996003754629,2.1200089395336157
2025-10-21,0.9885101766146419,2.1201972322859985,0.9885101766146419,2.1201972322859985
2025-10-22,1.025618654871347,2.157819348406518,1.025618654871347,2.157819348406518
2025-10-23,1.0208814943621858,2.181709501446116,1.0208814943621858,2.181709501446116
2025-10-27,1.0185127596215462,2.1809570591237057,1.0185127596215462,2.1809570591237057
2025-10-28,1.0216709953660361,2.163838886985801,1.0216709953660361,2.163838886985801
2025-10-29,1.0232500746167665,2.1905505165626575,1.0232500746167665,2.1905505165626575
2025-10-30,1.0224604963698867,2.157443200114025,1.0224604963698867,2.157443200114025
2025-11-03,1.0098278623640446,2.1399488796836272,1.0098278623640446,2.1399488796836272
2025-11-04,1.016933680370816,2.1470970088778136,1.016933680370816,2.1470970088778136
2025-11-05,1.010617363367895,2.1384439950388066,1.010617363367895,2.1384439950388066
2025-11-06,1.0200918388722764,2.1538691355169317,1.0200918388722764,2.1538691355169317
2025-11-10,1.0240396528636462,2.2238462715010976,1.0240396528636462,2.2238462715010976
2025-11-11,1.0240396528636462,2.253191522075103,1.0240396528636462,2.253191522075103
2025-11-12,1.0248291538674967,2.221965238563784,1.0248291538674967,2.221965238563784
2025-11-13,1.0208814943621858,2.2345686110298018,1.0208814943621858,2.2345686110298018
2025-11-17,1.0200918388722764,2.2330504642793563,1.0200918388722764,2.2330504642793563
2025-11-18,1.0333364694003284,2.25866760579863,1.0333364694003284,2.25866760579863
2025-11-19,1.0357358696236534,2.226788564363221,1.0357358696236534,2.226788564363221
2025-11-20,1.0309371464200328,2.2205265187096614,1.0309371464200328,2.2205265187096614
2025-11-24,1.0093426216531367,2.200602172464065,1.0093426216531367,2.200602172464065
2025-11-25,0.982549409276208,2.1728977795518882,0.982549409276208,2.1728977795518882
2025-11-26,0.9809498606226776,2.17783142858163,0.9809498606226776,2.17783142858163
2025-12-01,0.9729518856259374,2.21312611803376,0.9729518856259374,2.21312611803376
2025-12-02,0.975751173012645,2.189406477780763,0.975751173012645,2.189406477780763
2025-12-03,0.9781504959929406,2.235327611536312,0.9781504959929406,2.235327611536312
2025-12-04,0.9805499734592951,2.222803665966617,0.9805499734592951,2.222803665966617
2025-12-08,0.9725519984625547,2.2007920683281172,0.9725519984625547,2.2007920683281172
2025-12-09,0.97335177278932,2.243866658709403,0.97335177278932,2.243866658709403
2025-12-10,0.9725519984625547,2.2683451537314867,0.9725519984625547,2.2683451537314867
2025-12-11,0.9557562741423089,2.2683451537314867,0.9557562741423089,2.2683451537314867
2025-12-15,0.9597553002621937,2.2345686110298018,0.9597553002621937,2.2345686110298018
2025-12-16,0.9497578122055109,2.1761236774419817,0.9497578122055109,2.1761236774419817
2025-12-17,0.943759350268713,2.227927210860411,0.943759350268713,2.227927210860411
2025-12-18,0.945758786085626,2.2114183668941116,0.945758786085626,2.2114183668941116
2025-12-22,0.9497578122055109,2.2419690117057027,0.9497578122055109,2.2419690117057027
2025-12-23,0.9501576993688936,2.266068006474531,0.9501576993688936,2.266068006474531
2025-12-24,0.9497578122055109,2.2622730039419787,0.9497578122055109,2.2622730039419787
2025-12-29,0.947758376388598,2.287130999217317,0.947758376388598,2.287130999217317
2025-12-30,0.9445592018385077,2.295859796517036,0.9445592018385077,2.295859796517036
2025-12-31,0.9529569867556013,2.2835256010739684,0.9529569867556013,2.2835256010739684
2026-01-05,0.9361612624353554,2.378783225126939,0.9361612624353554,2.378783225126939
2026-01-06,0.9373610011685326,2.296998443014226,0.9373610011685326,2.296998443014226
2026-01-07,0.9429595759419478,2.2484206617484657,0.9429595759419478,2.2484206617484657
2026-01-08,0.945758786085626,2.3322929867289317,0.945758786085626,2.3322929867289317
2026-01-12,0.9701525982392297,2.353545583860921,0.9701525982392297,2.353545583860921
2026-01-13,0.9965458462097463,2.4011744687561185,0.9965458462097463,2.4011744687561185
2026-01-14,0.9989452464330714,2.470625055425764,0.9989452464330714,2.470625055425764
2026-01-15,0.9917470457630962,2.4503215004017616,0.9917470457630962,2.4503215004017616
2026-01-20,0.999745098002866,2.47555914166778,0.999745098002866,2.47555914166778
2026-01-21,0.999745098002866,2.5353321804045685,0.999745098002866,2.5353321804045685
2026-01-22,1.0093426216531367,2.535901430784451,1.0093426216531367,2.535901430784451
2026-01-26,1.010142395979902,2.5586720289294616,1.010142395979902,2.5586720289294616
2026-01-27,1.010142395979902,2.5964334700277507,1.010142395979902,2.5964334700277507
2026-01-28,1.025338494403588,2.6106653124745187,1.025338494403588,2.6106653124745187
2026-01-29,1.0317368435037686,2.6662638484255003,1.0317368435037686,2.6662638484255003
2026-02-02,1.0237389457500576,2.626225114332831,1.0237389457500576,2.626225114332831
2026-02-03,1.0237389457500576,2.727365138048682,1.0237389457500576,2.727365138048682
2026-02-04,1.0261383459733826,2.800611018725729,1.0261383459733826,2.800611018725729
2026-02-05,1.0237389457500576,2.7719581666552626,1.0237389457500576,2.7719581666552626
2026-02-09,1.026938120300148,2.869302896363713,1.026938120300148,2.869302896363713
2026-02-10,1.034136320970123,2.8765136926504105,1.034136320970123,2.8765136926504105
2026-02-11,1.0325366950735633,2.9518468247203606,1.0325366950735633,2.9518468247203606
2026-02-12,1.0397348957435384,2.8639770679247887,1.0397348957435384,2.8639770679247887
2026-02-17,1.0173405966498772,2.7925354165623735,1.0173405966498772,2.7925354165623735
2026-02-18,1.0237389457500576,2.8783036396974464,1.0237389457500576,2.8783036396974464
2026-02-19,1.0277379718699424,2.883843410675456,1.0277379718699424,2.883843410675456
2026-02-23,1.0389350441737437,2.8798318423301783,1.0389350441737437,2.8798318423301783
2026-02-24,1.0333364694003284,2.8511786987848633,1.0333364694003284,2.8511786987848633
2026-02-25,1.029337520523473,2.8473583379404577,1.029337520523473,2.8473583379404577
2026-02-26,0.9981454721063062,2.837425166565124,0.9981454721063062,2.837425166565124
2026-03-02,1.0485325678240145,2.945925221690305,1.0485325678240145,2.945925221690305
2026-03-03,1.0685274666943505,2.9002712246337636,1.0685274666943505,2.9002712246337636
2026-03-04,1.0437338446203939,2.861876117213987,1.0437338446203939,2.861876117213987
2026-03-05,1.0349360952968882,2.8798318423301783,1.0349360952968882,2.8798318423301783
2026-03-09,1.0845234939308608,2.873719323274099,1.0845234939308608,2.873719323274099
2026-03-10,1.0757256673643256,2.82959352885029,1.0757256673643256,2.82959352885029
2026-03-11,1.086123042584391,2.8954957007095445,1.086123042584391,2.8954957007095445
2026-03-12,1.0741261187107953,2.9327447290234843,1.0741261187107953,2.9327447290234843
2026-03-16,1.0821240164645063,3.003422424806958,1.0821240164645063,3.003422424806958
2026-03-24,1.0796658342957814,3.159104679621412,1.0796658342957814,3.159104679621412
2026-03-25,1.0877653838762282,3.118608038541136,1.0877653838762282,3.118608038541136
2026-03-26,1.0934350222367233,3.160059551226377,1.0934350222367233,3.160059551226377
2026-03-30,1.0926250518300729,3.275436372461427,1.0926250518300729,3.275436372461427
2026-03-31,1.1096340441545873,3.240861625886056,1.1096340441545873,3.240861625886056
2026-04-01,1.116113652921733,3.0712349228258398,1.116113652921733,3.0712349228258398
2026-04-02,1.1177335937350341,3.069515804167085,1.1177335937350341,3.069515804167085
2026-04-06,1.1136838189448108,3.120709280726787,1.1136838189448108,3.120709280726787
2026-04-07,1.1144937893514613,3.1310245756290156,1.1144937893514613,3.1310245756290156
2026-04-08,1.0926250518300729,2.9841294130840583,1.0926250518300729,2.9841294130840583
2026-04-09,1.10153457181717,2.961588788594822,1.10153457181717,2.961588788594822
2026-04-13,1.1177335937350341,2.9157438755122578,1.1177335937350341,2.9157438755122578
2026-04-14,1.1080141805843158,2.850796866732817,1.1080141805843158,2.850796866732817
2026-04-15,1.115303759758112,2.846403174860644,1.115303759758112,2.846403174860644
2026-04-16,1.1144937893514613,2.903136422398356,1.1144937893514613,2.903136422398356
2026-04-20,1.10153457181717,2.8209973526068164,1.10153457181717,2.8209973526068164
2026-04-21,1.099914631003869,2.833986929247614,1.099914631003869,2.833986929247614
2026-04-22,1.1039644057940923,2.855763306683059,1.1039644057940923,2.855763306683059
2026-04-23,1.1023444649807912,2.8754384419328542,1.1023444649807912,2.8754384419328542
2026-04-27,1.1039644057940923,2.8307396079561267,1.1039644057940923,2.8307396079561267
2026-04-28,1.1120638781315098,2.8760114814857727,1.1120638781315098,2.8760114814857727
2026-04-29,1.1169236233283837,2.95452110645893,1.1169236233283837,2.95452110645893
2026-04-30,1.1242132025021798,2.9480264638759555,1.1242132025021798,2.9480264638759555
2026-05-04,1.1136838189448108,2.935801134288948,1.1136838189448108,2.935801134288948
2026-05-05,1.1250231729088305,2.958532674804207,1.1250231729088305,2.958532674804207
2026-05-06,1.0934350222367233,2.840290655804565,1.0934350222367233,2.840290655804565
2026-05-07,1.10153457181717,2.7999852222251613,1.10153457181717,2.7999852222251613
